{
    "loss": 0.934459388256073,
    "model_mse": 0.9405021667480469,
    "baseline_mse": 1.8871172666549683
}